Designator,Footprint,Quantity,Value,LCSC Part #
"C1, C2",C_0603,2,18pF_0603_50V,
"C3, C4, C5, C6",C_0603,4,100nF_0603_16V,
"H1, H2, H3, H4",MountingHole_3.5mm_Pad_Via,4,MountingHole_Pad,
J1,DSUB-9_Male_EdgeMount_P2.77mm,1,DE9_Plug_MountingHoles,
J2,Pins_1x06_2.54mm_TH_SWD,1,Conn_01x06,
JP1,SolderJumper-2_P1.3mm_Open_RoundedPad1.0x1.5mm,1,SolderJumper_2_Open,
"R1, R2, R3",R_0603,3,4.7k_0603,
"R4, R5",1206,2,60.4R_1206,
SW1,MSS22D18,1,MSS22D18,
U1,ProMicro-EnforcedTop,1,ProMicro,
U2,SOIC-18W_7.5x11.6mm_P1.27mm,1,MCP2515-xSO,
U3,SOIC-8_3.9x4.9mm_P1.27mm,1,TJA1051T,
Y1,Crystal_HC49-4H_Vertical,1,8Mhz,
